"Name","Team","W","L","SV","G","GS","IP","K/9","BB/9","HR/9","BABIP","LOB%","GB%","HR/FB","vFA (pi)","ERA","xERA","FIP","xFIP","WAR","playerid"
"Corbin Burnes","MIL","11","5","0","28","28","167.0","12.61","1.83","0.38",".309","75.7%","48.8%","6.1%","96.5","2.43","2.01","1.63","2.30","7.5","19361"
"Zack Wheeler","PHI","14","10","0","32","32","213.1","10.42","1.94","0.68",".288","75.3%","49.8%","10.8%","97.3","2.78","2.78","2.59","2.84","7.3","10310"
"Nathan Eovaldi","BOS","11","9","0","32","32","182.1","9.63","1.73","0.74",".326","70.4%","42.0%","8.2%","97.1","3.75","3.37","2.79","3.48","5.6","9132"
"Walker Buehler","LAD","16","4","0","33","33","207.2","9.19","2.25","0.82",".247","80.9%","44.7%","10.1%","95.5","2.47","3.08","3.15","3.57","5.5","19374"
"Max Scherzer","- - -","15","4","0","30","30","179.1","11.84","1.81","1.15",".247","84.3%","33.5%","11.7%","94.5","2.46","2.89","2.97","3.24","5.4","3137"
"Gerrit Cole","NYY","16","8","0","30","30","181.1","12.06","2.03","1.19",".305","77.9%","43.1%","13.5%","97.8","3.23","3.15","2.92","2.93","5.3","13125"
"Julio Urias","LAD","20","3","0","32","32","185.2","9.45","1.84","0.92",".272","76.2%","40.2%","9.4%","94.0","2.96","3.12","3.13","3.73","5.0","14765"
"Carlos Rodon","CHW","13","5","0","24","24","132.2","12.55","2.44","0.88",".267","82.2%","37.7%","9.6%","95.4","2.37","2.63","2.65","3.17","4.9","16137"
"Jacob deGrom","NYM","7","2","0","15","15","92.0","14.28","1.08","0.59",".213","87.2%","44.0%","9.4%","99.1","1.08","1.55","1.23","1.61","4.9","10954"
"Kevin Gausman","SFG","14","6","0","33","33","192.0","10.64","2.34","0.94",".274","78.4%","41.9%","11.3%","94.7","2.81","3.49","3.00","3.28","4.8","14107"
"Brandon Woodruff","MIL","9","10","0","30","30","179.1","10.59","2.16","0.90",".261","81.4%","41.5%","12.7%","96.5","2.56","3.29","2.96","3.05","4.7","16162"
"Charlie Morton","ATL","14","6","0","33","33","185.2","10.47","2.81","0.78",".267","71.0%","47.8%","12.1%","95.5","3.34","3.32","3.17","3.31","4.6","4676"
"Aaron Nola","PHI","9","9","0","32","32","180.2","11.11","1.94","1.30",".308","66.8%","40.5%","13.5%","93.1","4.63","3.39","3.37","3.37","4.5","16149"
"Dylan Cease","CHW","13","7","0","32","32","165.2","12.28","3.69","1.09",".309","73.9%","33.3%","11.3%","96.8","3.91","3.60","3.40","3.72","4.4","18525"
"Trevor Rogers","MIA","7","8","0","25","25","133.0","10.62","3.11","0.41",".301","74.9%","40.1%","5.0%","94.6","2.64","3.37","2.55","3.54","4.2","22286"
"Sandy Alcantara","MIA","9","15","0","33","33","205.2","8.80","2.19","0.92",".270","72.4%","53.3%","13.3%","98.1","3.19","3.49","3.42","3.45","4.2","18684"
"Lance Lynn","CHW","11","6","0","28","28","157.0","10.09","2.58","1.03",".263","81.5%","38.1%","10.2%","94.0","2.69","2.59","3.32","3.81","4.2","2520"
"Jose Berrios","- - -","12","9","0","32","32","192.0","9.56","2.11","1.03",".277","72.3%","42.8%","12.6%","94.1","3.52","4.09","3.47","3.59","4.1","14168"
"Frankie Montas","OAK","13","9","0","32","32","187.0","9.96","2.74","0.96",".296","74.5%","42.8%","11.4%","96.6","3.37","3.95","3.37","3.64","4.1","14309"
"Logan Webb","SFG","11","3","0","26","26","147.1","9.59","2.20","0.55",".311","74.7%","60.7%","12.5%","93.3","3.05","","2.73","2.80","4.0","17995"
"Lucas Giolito","CHW","11","9","0","31","31","178.2","10.13","2.62","1.36",".269","77.5%","33.2%","13.8%","94.0","3.53","3.29","3.79","3.75","4.0","15474"
"Robbie Ray","TOR","13","7","0","32","32","193.1","11.54","2.47","1.54",".268","90.1%","37.2%","15.9%","94.6","2.84","3.55","3.69","3.36","3.9","11486"
"Freddy Peralta","MIL","10","5","0","27","27","142.1","11.95","3.35","0.89",".225","78.3%","32.9%","9.6%","93.3","2.85","","3.14","3.67","3.9","18679"
"Max Fried","ATL","14","7","0","28","28","165.2","8.58","2.23","0.81",".278","75.9%","51.8%","12.1%","94.0","3.04","3.49","3.31","3.45","3.8","13743"
"Adam Wainwright","STL","17","7","0","32","32","206.1","7.59","2.18","0.92",".256","78.4%","47.5%","11.7%","89.3","3.05","3.84","3.66","3.87","3.8","2233"
"Eduardo Rodriguez","BOS","12","8","0","31","31","156.2","10.57","2.70","1.09",".364","68.9%","43.4%","12.8%","92.8","4.77","","3.34","3.43","3.8","13164"
"Tyler Mahle","CIN","13","6","0","33","33","180.0","10.50","3.20","1.20",".297","77.6%","42.2%","14.1%","94.2","3.75","3.73","3.80","3.74","3.8","16358"
"Luis Castillo","CIN","8","16","0","33","33","187.2","9.21","3.60","0.91",".318","71.5%","56.6%","15.0%","97.3","3.98","3.62","3.75","3.63","3.7","15689"
"Antonio Senzatela","COL","4","10","0","28","28","156.2","6.03","1.84","0.69",".324","66.8%","51.2%","8.7%","94.7","4.42","4.36","3.61","4.17","3.5","15488"
"German Marquez","COL","12","11","0","32","32","180.0","8.80","3.20","1.05",".293","69.3%","51.6%","15.9%","95.1","4.40","4.01","3.86","3.64","3.4","15038"
"Clayton Kershaw","LAD","10","8","0","22","22","121.2","10.65","1.55","1.11",".289","71.7%","48.5%","14.7%","90.7","3.55","3.17","3.00","2.87","3.4","2036"
"Marcus Stroman","NYM","10","13","0","33","33","179.0","7.94","2.21","0.85",".286","75.5%","50.8%","12.8%","92.9","3.02","4.33","3.49","3.57","3.4","13431"
"Chris Bassitt","OAK","12","4","0","27","27","157.1","9.10","2.23","0.86",".271","78.2%","41.8%","9.2%","93.5","3.15","3.49","3.34","3.93","3.3","12304"
"Jordan Montgomery","NYY","6","7","0","30","30","157.1","9.27","2.92","1.09",".307","73.7%","42.7%","11.8%","92.7","3.83","4.12","3.69","3.93","3.3","16511"
"Sean Manaea","OAK","11","10","0","32","32","179.1","9.74","2.06","1.25",".318","77.3%","42.0%","13.8%","","3.91","4.09","3.65","3.62","3.3","15873"
"Lance McCullers Jr.","HOU","13","5","0","28","28","162.1","10.26","4.21","0.72",".273","78.5%","56.4%","11.7%","93.4","3.16","3.39","3.52","3.69","3.3","14120"
"Joe Musgrove","SDP","11","9","0","31","31","176.1","10.21","2.76","1.12",".273","79.6%","43.5%","14.6%","93.3","3.27","","3.73","3.62","3.2","12970"
"Kyle Gibson","- - -","10","8","0","30","30","177.2","7.70","3.09","0.81",".273","74.8%","51.8%","10.9%","93.1","3.50","","3.78","4.07","3.1","10123"
"Luis Garcia","HOU","11","7","0","28","28","149.1","9.64","2.95","1.08",".289","76.7%","38.9%","11.5%","93.3","3.38","","3.62","3.91","3.1","23735"
"Chris Flexen","SEA","14","6","0","31","31","179.2","6.26","2.00","0.95",".300","76.6%","42.4%","9.1%","92.9","3.61","4.27","3.89","4.56","3.0","13896"
"Anthony DeSclafani","SFG","13","7","0","31","31","167.2","8.16","2.25","1.02",".265","78.3%","44.3%","11.0%","94.2","3.17","3.92","3.62","3.95","3.0","13050"
"Shohei Ohtani","LAA","9","2","0","23","23","130.1","10.77","3.04","1.04",".269","79.4%","45.0%","13.3%","95.7","3.18","3.32","3.51","3.55","3.0","19755"
"Wade Miley","CIN","12","7","0","28","28","163.0","6.90","2.76","0.94",".301","79.4%","49.4%","12.6%","90.1","3.37","4.15","3.97","4.07","2.9","8779"
"Yu Darvish","SDP","8","11","0","30","30","166.1","10.77","2.38","1.52",".274","72.3%","37.0%","14.6%","94.6","4.22","3.29","3.90","3.75","2.9","13074"
"Steven Matz","TOR","14","7","0","29","29","150.2","8.60","2.57","1.08",".321","75.4%","45.5%","12.3%","","3.82","4.06","3.79","3.94","2.8","13361"
"Shane Bieber","CLE","7","4","0","16","16","96.2","12.48","3.07","1.02",".327","80.5%","44.0%","14.7%","92.9","3.17","3.76","3.02","2.91","2.6","19427"
"Tyler Glasnow","TBR","5","2","0","14","14","88.0","12.58","2.76","1.02",".250","82.4%","45.3%","14.3%","97.3","2.66","2.70","2.77","2.70","2.6","14374"
"Shane McClanahan","TBR","10","6","0","25","25","123.1","10.29","2.70","1.02",".328","78.9%","45.5%","14.3%","96.7","3.43","4.57","3.31","3.23","2.5","21483"
"Alex Wood","SFG","10","4","0","26","26","138.2","9.87","2.53","0.91",".305","72.9%","50.8%","14.0%","","3.83","3.87","3.48","3.44","2.5","13781"
"Alex Cobb","LAA","8","3","0","18","18","93.1","9.45","3.18","0.48",".315","65.8%","53.3%","8.2%","93.2","3.76","3.95","2.92","3.38","2.5","6562"
"John Means","BAL","6","9","0","26","26","146.2","8.22","1.60","1.84",".240","80.5%","32.9%","15.0%","92.9","3.62","4.06","4.61","4.36","2.5","16269"
"Hyun-Jin Ryu","TOR","14","10","0","31","31","169.0","7.62","1.97","1.28",".295","70.7%","46.8%","14.1%","89.8","4.37","4.45","4.02","3.94","2.5","14444"
"Merrill Kelly","ARI","7","11","0","27","27","158.0","7.41","2.34","1.20",".301","70.5%","43.9%","12.6%","91.7","4.44","4.54","4.11","4.24","2.4","11156"
"Sonny Gray","CIN","7","9","0","26","26","135.1","10.31","3.33","1.26",".280","72.4%","47.2%","16.5%","92.6","4.19","3.24","3.99","3.66","2.4","12768"
"Ranger Suarez","PHI","3","2","0","12","12","65.2","8.91","2.60","0.14",".295","86.6%","56.7%","2.2%","93.9","1.51","","2.35","3.39","2.4","17277"
"Pablo Lopez","MIA","5","5","0","20","20","102.2","10.08","2.28","0.96",".301","79.7%","47.0%","13.3%","94.0","3.07","3.52","3.29","3.32","2.3","17085"
"Jon Gray","COL","8","12","0","29","29","149.0","9.48","3.50","1.27",".298","69.6%","48.4%","15.1%","95.0","4.59","3.95","4.22","4.04","2.3","14916"
"Mike Minor","KCR","8","12","0","28","28","158.2","8.45","2.33","1.47",".290","66.4%","38.4%","13.4%","91.1","5.05","4.42","4.29","4.32","2.3","10021"
"Logan Gilbert","SEA","6","5","0","24","24","119.1","9.65","2.11","1.28",".293","67.9%","32.3%","10.9%","95.4","4.68","4.09","3.73","4.19","2.2","22250"
"Zach Eflin","PHI","4","7","0","18","18","105.2","8.43","1.36","1.28",".327","72.8%","43.5%","14.2%","93.2","4.17","3.78","3.68","3.61","2.2","13774"
"Blake Snell","SDP","7","6","0","27","27","128.2","11.89","4.83","1.12",".291","74.4%","39.7%","14.3%","95.2","4.20","4.83","3.82","3.74","2.1","13543"
"Nick Pivetta","BOS","9","8","0","30","30","154.0","10.17","3.80","1.40",".290","73.2%","38.3%","13.6%","95.0","4.56","","4.30","4.29","2.1","15454"
"Tyler Anderson","- - -","7","11","0","31","31","167.0","7.22","2.05","1.46",".284","71.3%","35.1%","12.2%","90.8","4.53","4.21","4.37","4.60","2.1","12880"
"Cole Irvin","OAK","10","15","0","32","32","178.1","6.31","2.12","1.16",".302","71.1%","37.6%","10.4%","91.0","4.24","4.99","4.30","4.82","2.1","19244"
"Brady Singer","KCR","5","10","0","27","27","128.1","9.19","3.72","0.98",".350","67.8%","49.9%","13.0%","93.7","4.91","4.57","4.04","4.11","2.0","25377"
"Alek Manoah","TOR","9","2","0","20","20","111.2","10.24","3.22","0.97",".246","76.6%","38.8%","10.7%","93.5","3.22","3.37","3.80","4.17","2.0","26410"
"Jameson Taillon","NYY","8","6","0","29","29","144.1","8.73","2.74","1.50",".272","73.1%","33.2%","12.1%","94.1","4.30","3.92","4.43","4.69","2.0","11674"
"Framber Valdez","HOU","11","6","0","22","22","134.2","8.35","3.88","0.80",".268","78.3%","70.3%","21.4%","92.3","3.14","3.78","4.01","3.58","1.9","17295"
"Matt Harvey","BAL","6","14","0","28","28","127.2","6.70","2.61","1.34",".331","60.4%","42.7%","12.3%","93.6","6.27","5.41","4.60","4.81","1.9","11713"
"Ian Anderson","ATL","9","5","0","24","24","128.1","8.70","3.72","1.12",".261","79.1%","49.3%","15.1%","94.6","3.58","4.30","4.12","3.96","1.9","19951"
"Cal Quantrill","CLE","8","2","0","22","22","121.0","7.36","2.60","1.04",".264","76.6%","42.6%","10.9%","94.5","3.12","","4.05","4.42","1.8","19312"
"Jose Urquidy","HOU","8","3","0","20","20","107.0","7.57","1.60","1.43",".237","77.2%","32.2%","12.1%","92.7","3.62","3.87","4.14","4.38","1.8","18413"
"Tanner Houck","BOS","0","4","0","13","13","58.2","11.20","2.30","0.61",".324","66.3%","49.0%","9.1%","94.7","3.68","","2.64","3.08","1.8","19879"
"Chris Paddack","SDP","7","7","0","22","22","106.1","8.04","1.86","1.18",".306","59.4%","42.7%","12.4%","94.9","5.08","","3.74","3.91","1.8","20099"
"Dane Dunning","TEX","5","10","0","25","25","114.2","8.56","3.38","0.94",".334","72.0%","53.9%","13.6%","","4.55","","3.94","3.93","1.8","19409"
"Trevor Bauer","LAD","8","5","0","17","17","107.2","11.45","3.09","1.59",".220","88.9%","33.5%","16.0%","94.0","2.59","3.39","4.03","3.69","1.8","12703"
"Eric Lauer","MIL","7","5","0","20","20","106.2","8.52","2.95","1.10",".250","79.0%","36.2%","10.9%","92.5","3.04","","3.90","4.28","1.8","19316"
"Patrick Sandoval","LAA","3","6","0","14","14","79.2","9.72","3.50","0.90",".274","74.9%","50.7%","12.9%","93.3","3.39","","3.63","3.70","1.7","19447"
"Kenta Maeda","MIN","6","5","0","21","21","106.1","9.56","2.71","1.35",".316","69.3%","38.4%","14.4%","90.8","4.66","3.73","4.10","3.99","1.7","18498"
"Rich Hill","- - -","7","8","0","31","31","155.2","8.44","3.01","1.21",".274","78.1%","35.2%","11.5%","88.4","3.76","","4.36","4.68","1.6","4806"
"Danny Duffy","KCR","4","3","0","12","12","60.0","9.60","3.30","0.90",".293","83.8%","32.5%","8.2%","93.7","2.55","","3.44","4.28","1.6","3542"
"Madison Bumgarner","ARI","7","10","0","26","26","146.1","7.63","2.40","1.48",".265","67.8%","33.3%","12.3%","90.5","4.67","4.33","4.63","4.85","1.5","5524"
"Michael Wacha","TBR","3","5","0","23","23","107.1","8.55","2.18","1.34",".308","70.3%","39.4%","14.3%","93.9","4.53","","4.05","3.95","1.5","14078"
"Spencer Turnbull","DET","4","2","0","9","9","50.0","7.92","2.16","0.36",".254","70.3%","57.2%","5.3%","94.5","2.88","3.03","2.95","3.77","1.5","16207"
"Kyle Freeland","COL","7","8","0","23","23","120.2","7.83","2.83","1.49",".325","78.9%","45.0%","16.4%","91.5","4.33","4.15","4.63","4.26","1.5","16256"
"Zac Gallen","ARI","4","10","0","23","23","121.1","10.31","3.63","1.41",".286","74.6%","43.7%","15.8%","93.4","4.30","3.92","4.25","3.96","1.5","19291"
"Adrian Houser","MIL","9","6","0","26","26","135.1","6.45","4.06","0.73",".256","73.1%","57.7%","12.9%","94.1","3.33","","4.34","4.40","1.5","12718"
"Corey Kluber","NYY","5","3","0","16","16","80.0","9.23","3.71","0.90",".310","74.4%","42.5%","9.6%","90.3","3.83","4.09","3.84","4.38","1.5","2429"
"Johnny Cueto","SFG","7","7","0","21","21","112.1","7.61","2.32","1.20",".324","74.3%","38.3%","12.4%","91.9","4.09","","4.10","4.26","1.5","6893"
"Matthew Boyd","DET","3","8","0","15","15","78.2","7.67","2.63","1.03",".294","74.2%","38.4%","9.3%","92.2","3.89","4.18","4.10","4.79","1.4","15440"
"Huascar Ynoa","ATL","4","6","0","17","17","90.0","10.00","2.50","1.40",".271","73.5%","47.2%","18.7%","96.6","4.10","","3.94","3.38","1.4","20468"
"Zack Greinke","HOU","11","6","0","29","29","168.2","6.24","1.92","1.55",".264","75.3%","44.1%","17.0%","89.0","4.11","","4.69","4.25","1.4","1943"
"Casey Mize","DET","7","9","0","30","30","150.1","7.06","2.45","1.44",".254","79.5%","48.1%","16.2%","94.1","3.71","4.96","4.71","4.37","1.3","20492"
"Michael Pineda","MIN","8","8","0","21","21","106.1","7.19","1.69","1.44",".295","77.1%","40.1%","13.5%","90.9","3.72","","4.27","4.28","1.3","5372"
"Austin Gomber","COL","9","9","0","23","23","115.1","8.82","3.20","1.56",".264","69.5%","44.3%","16.8%","91.8","4.53","4.09","4.61","4.17","1.3","16561"
"Alec Mills","CHC","4","7","0","20","20","99.1","6.52","2.17","1.18",".322","66.8%","50.9%","14.8%","88.9","4.80","","4.27","4.13","1.3","13834"
"James Kaprielian","OAK","8","5","0","21","21","111.1","9.13","3.23","1.37",".271","80.0%","35.4%","11.7%","93.2","3.80","","4.31","4.62","1.3","18331"
"Kyle Hendricks","CHC","14","7","0","32","32","181.0","6.51","2.19","1.54",".299","73.0%","43.1%","15.6%","87.5","4.77","4.99","4.89","4.61","1.3","12049"
"Joe Ross","WSN","5","9","0","19","19","103.0","9.35","2.88","1.49",".276","73.3%","43.0%","16.2%","93.9","4.02","","4.43","4.08","1.3","12972"
"Kwang-hyun Kim","STL","6","7","0","21","21","96.2","6.89","3.07","1.02",".275","76.2%","45.6%","10.9%","89.2","3.63","","4.27","4.63","1.3","27458"
"Nestor Cortes","NYY","2","3","0","14","14","73.1","9.20","2.09","1.60",".255","87.4%","24.7%","12.0%","90.8","3.07","","4.21","4.50","1.2","17874"
"Andrew Heaney","- - -","8","8","0","23","23","120.0","10.50","3.00","1.88",".291","68.0%","33.0%","17.5%","92.0","5.48","","4.67","4.06","1.2","15423"
"Domingo German","NYY","4","5","0","18","18","91.0","8.70","2.47","1.58",".262","73.6%","41.4%","13.7%","93.4","4.25","","4.41","4.39","1.2","17149"
"Taijuan Walker","NYM","7","11","0","29","29","154.1","8.16","3.21","1.52",".246","69.8%","42.2%","14.9%","94.6","4.43","","4.67","4.48","1.2","11836"
"Erick Fedde","WSN","7","9","0","27","27","131.2","8.61","3.21","1.57",".306","65.9%","49.7%","18.7%","","5.26","","4.69","4.07","1.1","17425"
"Yusei Kikuchi","SEA","7","9","0","29","29","157.0","9.34","3.55","1.55",".289","74.6%","48.4%","20.6%","95.3","4.41","5.16","4.61","3.85","1.1","20633"
"Mitch Keller","PIT","5","11","0","23","23","100.2","8.23","4.38","0.89",".388","68.2%","40.4%","9.3%","94.1","6.17","5.70","4.30","4.90","1.1","17594"
"Zach Thompson","MIA","2","7","0","14","14","63.2","7.77","3.11","0.85",".253","67.6%","43.9%","8.6%","92.3","3.25","","3.80","4.51","1.1","16094"
"Brad Keller","KCR","8","12","0","26","26","133.2","8.08","4.31","1.21",".347","68.7%","47.8%","14.9%","94.2","5.39","6.48","4.72","4.56","1.1","15734"
"Triston McKenzie","CLE","5","9","0","24","24","116.1","10.13","4.18","1.62",".226","67.5%","30.8%","15.1%","92.3","5.03","","4.73","4.50","1.1","18000"
"Zach Plesac","CLE","10","6","0","25","25","142.2","6.31","2.14","1.45",".263","67.9%","45.3%","13.3%","93.0","4.67","4.54","4.73","4.77","1.1","19979"
"Jose Suarez","LAA","5","7","0","14","14","71.0","7.48","3.42","1.01",".272","66.8%","47.2%","11.6%","93.0","4.44","","4.28","4.53","1.0","19911"
"Drew Rasmussen","TBR","3","0","0","10","10","42.0","6.00","1.50","0.43",".197","78.8%","50.4%","5.6%","96.9","1.93","","2.96","3.85","1.0","25385"
"Jake Odorizzi","HOU","6","7","0","23","23","100.2","7.87","3.04","1.43",".276","73.9%","34.6%","11.9%","92.5","4.38","","4.59","4.89","1.0","6397"
"Tyler Alexander","DET","1","3","0","15","15","66.2","7.02","2.43","1.22",".277","81.2%","36.5%","9.8%","90.4","3.38","","4.31","4.99","1.0","17735"
"Trevor Williams","- - -","4","2","0","15","15","68.2","8.78","3.28","1.18",".347","77.1%","45.4%","13.6%","91.9","4.33","","4.10","4.09","1.0","16977"
"Bailey Ober","MIN","3","3","0","20","20","92.1","9.36","1.85","1.95",".296","79.8%","33.1%","16.8%","92.4","4.19","4.48","4.56","4.01","1.0","21224"
"Paolo Espino","WSN","5","4","0","19","19","86.0","7.53","2.20","1.67",".296","77.0%","37.0%","15.2%","89.0","4.50","","4.68","4.42","0.9","8246"
"Brett Anderson","MIL","4","9","0","24","24","96.0","5.44","2.63","1.03",".294","68.6%","57.5%","16.9%","89.3","4.22","5.73","4.39","4.09","0.9","8223"
"Ryan Yarbrough","TBR","5","5","0","21","21","117.0","6.69","1.46","1.69",".294","59.9%","35.7%","15.0%","86.6","5.46","","4.69","4.46","0.9","16502"
"Matt Manning","DET","4","7","0","18","18","85.1","6.01","3.48","1.05",".305","61.9%","44.5%","10.2%","93.7","5.80","5.48","4.62","5.13","0.9","20369"
"Jack Flaherty","STL","9","2","0","15","15","76.1","9.67","2.95","1.41",".233","74.1%","38.7%","16.0%","94.0","3.30","","4.28","3.97","0.8","17479"
"Tarik Skubal","DET","8","11","0","29","29","143.2","9.96","2.76","2.13",".274","80.5%","38.6%","21.0%","94.6","4.39","","5.06","3.97","0.8","22267"
"Chris Sale","BOS","5","1","0","9","9","42.2","10.97","2.53","1.27",".358","79.8%","47.4%","16.7%","93.9","3.16","3.49","3.69","3.35","0.8","10603"
"Jorge Lopez","BAL","3","14","0","25","25","113.1","8.10","4.29","1.51",".347","68.6%","49.4%","18.8%","95.1","6.35","","5.24","4.64","0.8","14527"
"Aaron Civale","CLE","12","5","0","21","21","124.1","7.17","2.24","1.66",".249","78.5%","45.0%","17.2%","91.5","3.84","4.73","4.83","4.32","0.8","19479"
"David Price","LAD","0","2","0","11","11","41.1","7.40","2.40","0.87",".270","69.1%","54.4%","9.5%","92.9","3.92","","3.65","4.19","0.8","3184"
"Dallas Keuchel","CHW","9","9","0","30","30","156.1","5.18","3.28","1.32",".304","67.8%","55.2%","17.4%","89.1","5.18","","5.16","4.74","0.7","9434"
"Cristian Javier","HOU","3","1","0","9","9","48.2","10.73","3.88","1.29",".210","83.3%","29.5%","12.5%","93.2","3.14","","4.14","4.30","0.7","17606"
"Wily Peralta","DET","4","5","0","18","18","92.1","5.56","3.61","1.17",".261","78.2%","50.8%","13.5%","93.9","3.12","","4.96","4.97","0.7","7738"
"Jake Woodford","STL","2","3","0","8","8","37.0","5.84","2.68","0.49",".320","67.7%","37.7%","4.4%","92.3","4.14","","3.55","4.99","0.7","18674"
"Luke Weaver","ARI","3","6","0","13","13","65.2","8.50","2.74","1.51",".260","70.8%","38.3%","14.7%","93.7","4.25","4.54","4.42","4.26","0.7","16918"
"Tylor Megill","NYM","4","6","0","18","18","89.2","9.94","2.71","1.91",".297","78.5%","42.4%","18.8%","94.7","4.52","3.84","4.69","3.92","0.6","21318"
"Kyle Muller","ATL","2","4","0","8","8","35.2","9.08","5.05","0.50",".227","70.4%","35.6%","5.1%","93.4","3.79","","3.73","4.93","0.6","20167"
"Vladimir Gutierrez","CIN","9","6","0","22","22","114.0","6.95","3.63","1.58",".281","75.9%","43.4%","14.3%","93.4","4.74","4.48","5.22","5.11","0.6","19278"
"Tony Gonsolin","LAD","3","1","0","13","13","50.1","10.55","5.19","1.25",".242","88.8%","37.1%","12.3%","93.9","2.86","","4.36","4.55","0.6","19388"
"Carlos Hernandez","KCR","5","2","0","11","11","58.1","5.86","4.01","0.77",".250","76.8%","38.7%","7.4%","96.8","3.55","","4.47","5.41","0.6","22713"
"Josh Fleming","TBR","4","5","0","11","11","56.1","6.23","3.20","0.96",".321","60.6%","56.7%","12.5%","91.5","6.23","","4.29","4.41","0.6","20418"
"Marco Gonzales","SEA","10","6","0","25","25","143.1","6.78","2.64","1.82",".239","82.2%","32.2%","14.2%","88.5","3.96","5.06","5.28","5.16","0.6","15467"
"Carlos Martinez","STL","4","9","0","16","16","82.1","6.23","3.94","0.87",".275","58.5%","50.2%","10.8%","93.8","6.23","5.88","4.76","5.08","0.6","11682"
"Trevor Cahill","PIT","1","5","0","8","8","35.2","7.32","2.78","1.01",".333","51.7%","55.7%","13.3%","91.0","6.81","","4.01","4.04","0.5","6249"
"Joey Lucchesi","NYM","0","3","0","8","8","31.1","9.48","2.59","1.15",".304","71.0%","38.8%","11.8%","91.2","4.31","","3.68","3.94","0.5","19320"
"Martin Perez","BOS","7","8","0","22","22","100.0","7.65","2.97","1.53",".338","74.2%","42.0%","16.5%","93.3","4.77","","4.91","4.52","0.5","6902"
"Daniel Lynch","KCR","4","6","0","15","15","68.0","7.28","4.10","1.19",".335","67.4%","38.8%","11.0%","93.9","5.69","6.32","4.82","5.22","0.5","21537"
"J.A. Happ","- - -","10","8","0","30","30","152.1","7.21","2.84","1.77",".314","68.8%","35.0%","13.7%","91.2","5.79","5.55","5.13","5.11","0.5","7410"
"Jaime Barria","LAA","2","4","0","11","11","50.2","6.04","2.49","1.42",".335","84.1%","44.4%","14.5%","93.1","3.91","","4.83","4.69","0.5","18356"
"Miles Mikolas","STL","2","3","0","9","9","44.2","6.25","2.22","1.21",".272","67.2%","49.3%","14.6%","93.6","4.23","4.51","4.40","4.27","0.5","9803"
"Justin Dunn","SEA","1","3","0","11","11","50.1","8.76","5.19","1.07",".238","79.5%","33.8%","8.7%","93.8","3.75","4.86","4.74","5.61","0.5","19268"
"Luis Patino","TBR","3","3","0","15","15","68.1","8.30","3.82","1.45",".277","71.1%","30.1%","10.8%","96.0","4.74","","4.82","5.36","0.5","22815"
"Max Kranick","PIT","2","3","0","9","9","38.2","7.45","4.42","0.93",".350","65.2%","33.1%","7.4%","94.3","6.28","4.54","4.64","5.76","0.5","22175"
"Ross Stripling","TOR","5","6","0","19","19","86.1","8.76","2.71","1.98",".273","77.0%","34.0%","16.4%","91.7","4.69","","5.02","4.53","0.5","13273"
"Aaron Sanchez","SFG","1","1","0","7","7","30.1","7.12","3.26","0.59",".283","79.6%","55.3%","7.7%","90.4","3.26","","3.93","4.58","0.4","11490"
"Adbert Alzolay","CHC","4","13","0","21","21","106.1","9.06","2.71","2.03",".261","70.4%","44.9%","23.5%","93.9","5.16","","5.13","3.89","0.4","17859"
"Reynaldo Lopez","CHW","2","3","0","9","9","37.1","7.96","2.41","1.69",".253","65.2%","42.5%","17.9%","95.6","4.10","","4.64","4.05","0.4","16400"
"Eli Morgan","CLE","5","7","0","18","18","89.1","8.16","2.22","2.01",".278","70.5%","29.2%","14.7%","90.6","5.34","5.19","5.14","4.92","0.4","20203"
"Garrett Richards","BOS","6","7","0","22","22","110.1","7.10","3.92","1.47",".335","72.3%","46.6%","15.7%","94.4","5.22","","5.15","4.87","0.4","9784"
"Tyler Gilbert","ARI","2","1","0","6","6","36.1","4.95","2.72","0.99",".206","67.9%","38.3%","8.7%","89.8","3.47","","4.49","5.29","0.4","17964"
"Sam Hentges","CLE","0","4","0","12","12","41.0","7.90","5.93","0.88",".374","56.5%","44.4%","8.3%","94.4","7.90","","4.66","5.45","0.4","18548"
"Jesus Luzardo","- - -","5","8","0","18","18","85.1","9.28","4.64","1.48",".328","65.1%","38.4%","14.1%","95.7","6.22","","4.93","4.84","0.3","19959"
"David Peterson","NYM","2","6","0","15","15","66.2","9.32","3.92","1.49",".306","65.4%","49.2%","22.4%","92.8","5.54","5.85","4.77","3.93","0.3","20302"
"Bruce Zimmermann","BAL","3","5","0","13","13","58.2","7.67","3.22","1.99",".335","77.1%","38.4%","19.7%","91.5","5.37","","5.52","4.63","0.3","20370"
"John Gant","- - -","5","11","0","21","21","89.2","7.33","6.12","0.90",".277","73.3%","47.7%","12.2%","91.9","4.42","","5.02","5.17","0.3","13684"
"JT Brubaker","PIT","5","13","0","24","24","124.1","9.34","2.75","2.03",".284","72.6%","42.8%","22.4%","93.2","5.36","4.60","5.16","4.00","0.3","17578"
"Jose Quintana","LAA","0","3","0","10","10","35.0","13.11","6.69","1.54",".426","55.0%","42.9%","20.0%","91.3","8.23","","4.71","4.00","0.3","11423"
"Jose Urena","DET","2","8","0","18","18","83.0","5.86","4.01","1.30",".316","64.6%","52.7%","15.6%","94.4","5.96","","5.23","4.99","0.3","11589"
"Keegan Akin","BAL","2","10","0","17","17","77.0","7.60","4.44","1.87",".316","65.7%","35.1%","15.0%","92.0","6.90","","5.74","5.49","0.3","19362"
"Braxton Garrett","MIA","1","2","0","7","7","31.0","8.71","5.52","0.87",".387","76.6%","37.8%","11.1%","90.4","4.65","","4.43","4.71","0.2","21844"
"Taylor Hearn","TEX","4","4","0","11","11","51.0","6.53","2.65","1.59",".282","62.5%","38.2%","13.2%","94.8","5.82","","4.95","5.01","0.2","18325"
"Charlie Barnes","MIN","0","3","0","8","8","33.1","4.59","3.78","0.81",".319","63.2%","40.5%","6.4%","89.9","5.94","","4.94","6.26","0.2","19865"
"Jeff Hoffman","CIN","3","5","0","11","11","45.0","7.80","6.00","1.20",".291","68.5%","35.5%","11.5%","93.8","5.20","","5.30","5.61","0.2","17432"
"Spenser Watkins","BAL","2","7","0","10","10","46.0","6.26","3.33","1.76",".331","58.7%","34.8%","14.8%","90.7","7.63","","5.56","5.36","0.2","17489"
"Spencer Howard","- - -","0","5","0","15","15","43.2","8.45","4.53","1.44",".304","51.5%","37.4%","13.2%","94.0","7.21","","5.09","5.15","0.2","23252"
"Griffin Canning","LAA","4","4","0","13","13","60.1","8.95","4.18","1.94",".301","71.8%","34.8%","17.8%","93.6","5.52","","5.42","4.76","0.2","19867"
"Josiah Gray","- - -","2","2","0","13","13","66.2","9.32","4.32","2.16",".251","75.1%","30.9%","16.8%","94.5","5.27","","5.75","5.14","0.2","24580"
"Patrick Corbin","WSN","9","16","0","31","31","171.2","7.50","3.15","1.94",".305","69.4%","47.2%","22.6%","92.4","5.82","5.62","5.41","4.29","0.2","9323"
"Chi Chi Gonzalez","COL","2","6","0","18","18","87.0","4.97","2.38","1.76",".317","64.8%","40.1%","17.0%","92.0","6.62","","5.61","5.09","0.2","14663"
"Drew Smyly","ATL","9","4","0","23","23","115.2","8.48","2.96","2.10",".292","76.5%","39.5%","19.4%","92.1","4.75","","5.36","4.44","0.2","11760"
"Chad Kuhl","PIT","3","6","0","14","14","67.0","7.79","4.70","1.21",".264","69.4%","46.5%","14.3%","94.4","4.43","","5.11","5.02","0.2","14975"
"Dylan Bundy","LAA","2","9","0","19","19","85.2","7.98","3.26","1.89",".276","64.0%","41.1%","18.2%","90.8","6.09","","5.42","4.73","0.1","12917"
"Humberto Castellanos","ARI","2","1","0","7","7","34.0","5.03","2.38","1.59",".306","70.4%","40.9%","13.0%","90.5","5.56","","5.32","5.41","0.1","21183"
"Wade LeBlanc","- - -","0","2","0","9","9","37.1","5.06","3.86","1.21",".299","80.0%","34.6%","9.6%","87.8","4.34","","5.31","6.03","0.1","5221"
"Carlos Carrasco","NYM","1","5","0","12","12","53.2","8.39","3.02","2.01",".299","63.1%","42.3%","19.7%","93.5","6.04","4.63","5.22","4.32","0.1","6632"
"Matt Peacock","ARI","1","5","0","8","8","34.0","6.35","3.18","1.59",".345","74.1%","58.5%","20.7%","93.2","5.29","","5.11","4.32","0.1","20339"
"Bryse Wilson","- - -","3","7","0","16","16","74.0","5.59","2.68","1.82",".294","72.4%","36.7%","16.0%","93.2","5.35","5.62","5.49","5.10","0.1","19990"
"Zach Davies","CHC","6","12","0","32","32","148.0","6.93","4.56","1.52",".305","69.1%","42.5%","16.8%","","5.78","6.40","5.45","5.03","0.1","13183"
"Jon Lester","- - -","7","6","0","28","28","141.1","5.79","3.50","1.59",".296","73.1%","43.7%","15.8%","89.0","4.71","5.13","5.41","5.09","0.0","4930"
"Randy Dobnak","MIN","1","4","0","6","6","34.1","3.67","2.36","1.57",".289","63.4%","59.1%","23.1%","93.8","6.29","","5.50","4.56","0.0","23798"
"Josh Rogers","WSN","2","2","0","6","6","35.2","5.55","3.53","1.77",".236","91.6%","29.7%","12.7%","90.5","3.28","5.81","5.83","6.00","0.0","18510"
"Elieser Hernandez","MIA","1","3","0","11","11","51.2","9.23","2.44","2.26",".289","85.2%","38.4%","20.0%","91.0","4.18","4.54","5.38","4.32","0.0","16933"
"Cody Poteet","MIA","2","3","0","7","7","30.2","9.39","4.70","2.05",".234","76.9%","32.9%","17.5%","93.6","4.99","5.13","5.62","4.95","0.0","18769"
"Paul Blackburn","OAK","1","4","0","9","9","38.1","6.10","2.35","1.88",".341","72.0%","50.0%","20.5%","90.8","5.87","5.44","5.47","4.55","0.0","14739"
"Kris Bubic","KCR","5","6","0","20","20","103.2","7.99","3.82","1.91",".284","77.6%","45.4%","23.4%","91.0","4.77","","5.60","4.44","-0.1","21455"
"Johan Oviedo","STL","0","5","0","13","13","57.2","7.34","5.46","1.25",".291","68.7%","47.5%","14.5%","95.0","5.31","","5.48","5.36","-0.1","22487"
"Alex Wells","BAL","1","3","0","8","8","37.0","5.84","2.92","2.43",".294","67.4%","30.2%","16.7%","88.6","7.05","","6.60","5.95","-0.1","19845"
"Justin Steele","CHC","2","4","0","9","9","43.2","7.83","4.12","2.06",".273","78.8%","45.7%","23.8%","93.0","4.95","","5.99","4.71","-0.2","17312"
"Touki Toussaint","ATL","3","3","0","10","10","49.0","8.82","3.86","2.02",".254","76.9%","46.6%","23.9%","93.2","4.59","","5.78","4.52","-0.2","16929"
"Taylor Widener","ARI","2","1","0","13","13","61.0","9.44","4.72","1.92",".253","82.4%","34.1%","16.5%","92.7","4.28","","5.71","5.22","-0.2","19266"
"Jordan Lyles","TEX","9","13","0","30","30","167.0","7.54","2.86","2.05",".307","75.2%","37.6%","18.9%","93.4","5.39","","5.53","4.69","-0.2","7593"
"Justus Sheffield","SEA","5","8","0","15","15","73.2","7.21","4.28","1.71",".347","65.3%","45.5%","18.2%","93.9","6.48","","5.67","5.04","-0.2","17285"
"Matt Shoemaker","MIN","2","7","0","11","11","50.2","6.04","3.73","1.95",".289","58.6%","45.1%","18.3%","91.8","7.28","","6.01","5.28","-0.2","4776"
"Matt Moore","PHI","1","4","0","13","13","56.1","8.15","5.27","2.08",".301","70.2%","37.6%","18.3%","92.4","6.55","","6.22","5.45","-0.2","1890"
"Kolby Allard","TEX","2","12","0","17","17","91.2","6.58","1.87","2.26",".252","66.0%","37.6%","18.4%","91.8","5.40","","5.69","4.83","-0.2","18694"
"Nick Neidert","MIA","1","2","0","7","7","31.2","5.40","6.54","1.14",".264","74.9%","35.9%","9.5%","91.7","5.12","","6.17","6.87","-0.3","18699"
"Wil Crowe","PIT","4","8","0","25","25","116.0","8.46","4.27","1.94",".309","74.2%","42.8%","18.8%","93.9","5.43","","5.67","4.89","-0.3","19800"
"Chase De Jong","PIT","1","4","0","9","9","43.2","8.04","3.92","2.27",".302","76.5%","30.1%","16.9%","92.9","5.77","6.44","6.03","5.38","-0.3","15036"
"Vince Velasquez","- - -","3","9","0","21","21","89.0","9.00","4.15","2.33",".278","68.5%","31.1%","19.7%","93.3","6.27","","6.05","5.01","-0.3","11189"
"Dean Kremer","BAL","0","7","0","13","13","53.2","7.88","4.19","2.85",".297","66.0%","30.4%","19.5%","92.6","7.55","6.48","6.99","5.73","-0.3","19350"
"Caleb Smith","ARI","1","8","0","13","13","57.0","10.26","6.32","2.21",".261","65.9%","29.2%","17.3%","91.3","6.95","","6.34","5.66","-0.4","14875"
"Griffin Jax","MIN","3","5","0","14","14","69.1","7.01","3.12","2.34",".248","64.1%","32.4%","15.8%","92.8","6.10","","6.24","5.77","-0.5","20253"
"Ryan Weathers","SDP","2","5","0","18","18","69.1","6.49","3.38","2.21",".304","70.4%","43.2%","20.7%","93.8","6.36","","6.17","5.07","-0.5","23796"
"Chase Anderson","PHI","2","4","0","9","9","36.1","6.69","4.21","2.48",".264","68.9%","37.3%","19.2%","91.9","6.94","","6.91","5.86","-0.5","6895"
"JC Mejia","CLE","0","7","0","11","11","42.1","7.65","4.68","2.34",".331","51.9%","47.9%","24.4%","92.9","9.78","","6.62","5.12","-0.5","20617"
"Logan Allen","CLE","1","7","0","11","11","44.1","6.09","3.25","2.44",".287","58.3%","43.2%","22.6%","92.9","7.11","","6.62","5.21","-0.6","18555"
"Kohei Arihara","TEX","2","4","0","10","10","40.2","5.31","2.88","2.43",".270","66.5%","40.7%","21.2%","91.6","6.64","8.02","6.76","5.50","-0.6","27505"
"Jake Arrieta","- - -","5","14","0","24","24","98.2","7.57","4.01","2.19",".343","61.1%","43.4%","23.3%","90.8","7.39","6.16","6.17","4.85","-0.7","4153"
"Mike Foltynewicz","TEX","2","12","0","24","24","130.0","6.30","2.28","2.35",".258","73.0%","36.2%","19.3%","94.2","5.54","","6.14","5.13","-0.8","10811"
